<?xml version="1.0" encoding="UTF-8" ?>
<!DOCTYPE mapper PUBLIC "-//mybatis.org//DTD Mapper 3.0//EN" "http://mybatis.org/dtd/mybatis-3-mapper.dtd" >
<mapper namespace="fnst.web.dao.WordMapper" >
  <resultMap id="BaseResultMap" type="fnst.web.entity.Word" >
    <id column="id" property="id" jdbcType="INTEGER" />
    <result column="content" property="content" jdbcType="VARCHAR" />
    <result column="usr_id" property="usrId" jdbcType="BIGINT" />
  </resultMap>
  <sql id="Base_Column_List" >
    id, content, usr_id
  </sql>
  <select id="selectByPrimaryKey" resultMap="BaseResultMap" parameterType="java.lang.Integer" >
    select 
    <include refid="Base_Column_List" />
    from word
    where id = #{id,jdbcType=INTEGER}
  </select>
  <delete id="deleteByPrimaryKey" parameterType="java.lang.Integer" >
    delete from word
    where id = #{id,jdbcType=INTEGER}
  </delete>
  <insert id="insert" parameterType="fnst.web.entity.Word" >
    insert into word (id, content, usr_id
      )
    values (#{id,jdbcType=INTEGER}, #{content,jdbcType=VARCHAR}, #{usrId,jdbcType=BIGINT}
      )
  </insert>
  <insert id="insertSelective" parameterType="fnst.web.entity.Word" >
    insert into word
    <trim prefix="(" suffix=")" suffixOverrides="," >
      <if test="id != null" >
        id,
      </if>
      <if test="content != null" >
        content,
      </if>
      <if test="usrId != null" >
        usr_id,
      </if>
    </trim>
    <trim prefix="values (" suffix=")" suffixOverrides="," >
      <if test="id != null" >
        #{id,jdbcType=INTEGER},
      </if>
      <if test="content != null" >
        #{content,jdbcType=VARCHAR},
      </if>
      <if test="usrId != null" >
        #{usrId,jdbcType=BIGINT},
      </if>
    </trim>
  </insert>
  <update id="updateByPrimaryKeySelective" parameterType="fnst.web.entity.Word" >
    update word
    <set >
      <if test="content != null" >
        content = #{content,jdbcType=VARCHAR},
      </if>
      <if test="usrId != null" >
        usr_id = #{usrId,jdbcType=BIGINT},
      </if>
    </set>
    where id = #{id,jdbcType=INTEGER}
  </update>
  <update id="updateByPrimaryKey" parameterType="fnst.web.entity.Word" >
    update word
    set content = #{content,jdbcType=VARCHAR},
      usr_id = #{usrId,jdbcType=BIGINT}
    where id = #{id,jdbcType=INTEGER}
  </update>
</mapper>