<?xml version="1.0" encoding="UTF-8"?>
<!DOCTYPE configuration PUBLIC "-//mybatis.org//DTD Config 3.0//EN"    
"http://mybatis.org/dtd/mybatis-3-config.dtd">
<configuration>
	
    <settings>
        <!-- 这个配置使全局的映射器启用或禁用缓存 -->
        <setting name="cacheEnabled" value="true" />
        <!-- 对于未知的SQL查询，允许返回不同的结果集以达到通用的效果 -->
        <setting name="multipleResultSetsEnabled" value="true" />
        <!-- 配置默认的执行器。SIMPLE 执行器没有什么特别之处。REUSE 执行器重用预处理语句。BATCH 执行器重用语句和批量更新 -->
        <setting name="defaultExecutorType" value="REUSE" />
        <!-- 全局启用或禁用延迟加载。当禁用时，所有关联对象都会即时加载。 -->
        <setting name="lazyLoadingEnabled" value="false" />
        <setting name="aggressiveLazyLoading" value="true" />
        <!-- <setting name="enhancementEnabled" value="true"/> -->
        <!-- 设置超时时间，它决定驱动等待一个数据库响应的时间。 -->
        <setting name="defaultStatementTimeout" value="25000" />
        <!--允许使用列标签代替列名 -->
        <setting name="useColumnLabel" value="true" />
        <!-- 不允许使用自定义的主键值(比如由程序生成的UUID 32位编码作为键值)，数据表的PK生成策略将被覆盖 -->
        <setting name="useGeneratedKeys" value="false" />
        <!-- 给予被嵌套的resultMap以字段-属性的映射支持 FULL,PARTIAL -->
        <setting name="autoMappingBehavior" value="PARTIAL" />
        <!-- 设置关联对象加载的形态，此处为按需加载字段(加载字段由SQL指 定)，不会加载关联表的所有字段，以提高性能 -->
        <setting name="aggressiveLazyLoading" value="false" />
    </settings>
   
</configuration>  