<?xml version="1.0" encoding="UTF-8"?>
<beans xmlns="http://www.springframework.org/schema/beans"     
    xmlns:xsi="http://www.w3.org/2001/XMLSchema-instance" xmlns:p="http://www.springframework.org/schema/p"     
    xmlns:context="http://www.springframework.org/schema/context"     
    xmlns:mvc="http://www.springframework.org/schema/mvc"     
    xsi:schemaLocation="      
           http://www.springframework.org/schema/beans      
           http://www.springframework.org/schema/beans/spring-beans.xsd      
           http://www.springframework.org/schema/context      
           http://www.springframework.org/schema/context/spring-context.xsd     
           http://www.springframework.org/schema/mvc      
           http://www.springframework.org/schema/mvc/spring-mvc.xsd">  
        
    <!-- 启动时扫描所有的controller -->
    <context:component-scan base-package="fnst.swagger.controller" />
    
    <!--  主要作用于@Controller，激活该模式，下面是一种简写形式，完全可以手动配置替代这种简写形式，它会自动注册DefaultAnnotationHandlerMapping与AnnotationMethodHandlerAdapter，是spring MVC为@Controllers分发请求所必须的   -->
    <mvc:annotation-driven />
    
    <!-- 配置js,css等静态文件直接映射到对应的文件夹，不被DispatcherServlet处理 -->
    <mvc:resources location="/resources/**" mapping="/resources" />
    
    <!-- jsp页面解析器，当Controller返回XXX字符串时，先通过拦截器，然后该类就会在/WEB-INF/views/目录下，查找XXX.jsp文件 -->  
    <bean class="org.springframework.web.servlet.view.InternalResourceViewResolver">
        <property name="prefix" value="/" />
        <property name="suffix" value=".jsp" />
    </bean>
    <bean class="fnst.swagger.config.SwaggerConfig"/>
    <bean class="com.mangofactory.swagger.configuration.SpringSwaggerConfig"/>
    <mvc:resources mapping="/swagger/**" location="/dist"/>
</beans>