<?xml version="1.0" encoding="UTF-8"?>
<beans xmlns="http://www.springframework.org/schema/beans"
    xmlns:xsi="http://www.w3.org/2001/XMLSchema-instance" xmlns:p="http://www.springframework.org/schema/p"
    xmlns:context="http://www.springframework.org/schema/context" xmlns:tx="http://www.springframework.org/schema/tx"
    xmlns:aop="http://www.springframework.org/schema/aop"
    xsi:schemaLocation="
        http://www.springframework.org/schema/beans
        http://www.springframework.org/schema/beans/spring-beans-4.0.xsd
        http://www.springframework.org/schema/context
        http://www.springframework.org/schema/context/spring-context-4.0.xsd
        http://www.springframework.org/schema/tx
        http://www.springframework.org/schema/tx/spring-tx-4.0.xsd
        http://www.springframework.org/schema/aop    
        http://www.springframework.org/schema/aop/spring-aop-4.0.xsd" >
    <!-- 1、引入相关properties springProperties/*.properties-->
    <bean id="propertyConfigurer"
        class="org.springframework.beans.factory.config.PropertyPlaceholderConfigurer">
        <property name="locations" value="classpath*:springProperties/*.properties"></property>
        
    </bean> 

    
         
    
    <!-- 2、以dbcp连接池方式配置数据源 -->
    <!-- 写数据库 -->
    <bean id="dataSource_wr" class="org.apache.commons.dbcp.BasicDataSource"
        destroy-method="close">
        <property name="driverClassName" value="${jdbc1.driverClassName}" />
        <property name="url" value="${jdbc1.url}" />
        <property name="username" value="${jdbc1.username}" />
        <property name="password" value="${jdbc1.password}" />
        <!-- 连接初始值，连接池启动时创建的连接数量的初始值 默认值是0 -->
        <!-- <property name="initialSize" value="${ds.initialSize}" /> -->
        <property name="initialSize" value="${ds.initialSize}" />
        <!-- 最小空闲值.当空闲的连接数少于阀值时，连接池就会预申请去一些连接，以免洪峰来时来不及申请 默认值是0 -->
        <!-- <property name="minIdle" value="${ds.minIdle}" /> -->
        <property name="minIdle" value="${ds.minIdle}" />
        <!-- 最大空闲值.当经过一个高峰时间后，连接池可以慢慢将已经用不到的连接慢慢释放一部分，一直减少到maxIdle为止 ，0时无限制 默认值是8 -->
        <!-- <property name="maxIdle" value="${ds.maxIdle}" /> -->
        <property name="maxIdle" value="${ds.maxIdle}" />
        <!-- 连接池的最大值，同一时间可以从池分配的最多连接数量，0时无限制 默认值是8 -->
        <!-- <property name="maxActive" value="${ds.maxActive}" /> -->
        <property name="maxActive" value="${ds.maxActive}" />
    </bean>
    <!-- 读数据库 -->
    <bean id="dataSource_r" class="org.apache.commons.dbcp.BasicDataSource"
        destroy-method="close">
        <property name="driverClassName" value="${jdbc2.driverClassName}" />
        <property name="url" value="${jdbc2.url}" />
        <property name="username" value="${jdbc2.username}" />
        <property name="password" value="${jdbc2.password}" />
        <!-- 连接初始值，连接池启动时创建的连接数量的初始值 默认值是0 -->
        <!-- <property name="initialSize" value="${ds.initialSize}" /> -->
        <property name="initialSize" value="${ds.initialSize}" />
        <!-- 最小空闲值.当空闲的连接数少于阀值时，连接池就会预申请去一些连接，以免洪峰来时来不及申请 默认值是0 -->
        <!-- <property name="minIdle" value="${ds.minIdle}" /> -->
        <property name="minIdle" value="${ds.minIdle}" />
        <!-- 最大空闲值.当经过一个高峰时间后，连接池可以慢慢将已经用不到的连接慢慢释放一部分，一直减少到maxIdle为止 ，0时无限制 默认值是8 -->
        <!-- <property name="maxIdle" value="${ds.maxIdle}" /> -->
        <property name="maxIdle" value="${ds.maxIdle}" />
        <!-- 连接池的最大值，同一时间可以从池分配的最多连接数量，0时无限制 默认值是8 -->
        <!-- <property name="maxActive" value="${ds.maxActive}" /> -->
        <property name="maxActive" value="${ds.maxActive}" />
    </bean>
        
     <bean id="dataSource" class="fnst.web.db.DynamicDataSource">
            <property name="targetDataSources">
                <map key-type="java.lang.String">
                    <!-- write -->
                    <entry key="write" value-ref="dataSource_wr"/>
                    <!-- read -->
                    <entry key="read" value-ref="dataSource_r"/>
                </map>
            </property>
            <property name="defaultTargetDataSource" ref="dataSource_wr"/>
       </bean>
    
		
    
        
        
     <!-- 3、 mybatis的SqlSession的工厂: SqlSessionFactoryBean dataSource:引用数据源，configLocation:配置文件位置 -->
    <bean id="sqlSessionFactory" class="org.mybatis.spring.SqlSessionFactoryBean">
        <property name="dataSource" ref="dataSource"></property>
        <property name="configLocation" value="classpath:mybatis-conf.xml" />
    </bean>
    
	 <aop:aspectj-autoproxy proxy-target-class="true"/>  
        <bean id="dataSourceAspect" class="fnst.web.db.DataSourceAspect"/>  
        <aop:config>  
        <aop:aspect id="c" ref="dataSourceAspect">  
        <aop:pointcut id="tx" expression="execution(* fnst.web.service..*.*(..))"/>  
        <aop:before pointcut-ref="tx" method="before"/>  
        </aop:aspect>  
      </aop:config>


    <!-- 4、 mybatis自动扫描加载Sql映射文件/接口 : MapperScannerConfigurer sqlSessionFactory 
        basePackage:指定sql映射文件/接口所在的包（自动扫描） sqlSessionFactory:引用SQLSessionFactory 
        *****name为sqlSessionFactoryBeanName,因为sqlSessionFactory初始化时，properties配置还没被读出来-->
    <bean class="org.mybatis.spring.mapper.MapperScannerConfigurer">
        <property name="basePackage" value="fnst.web.dao"></property>
        <property name="sqlSessionFactoryBeanName" value="sqlSessionFactory"></property>
        
        
    </bean>

    <!-- 5、 事务管理 : DataSourceTransactionManager，dataSource:引用上面定义的数据源 -->
    <bean id="txManager"
        class="org.springframework.jdbc.datasource.DataSourceTransactionManager">
        <property name="dataSource" ref="dataSource"></property>
    </bean>

	

    <!-- 6、 使用声明式事务 transaction-manager：引用上面定义的事务管理器 -->
    <tx:annotation-driven transaction-manager="txManager" />
    <!-- 7 使用注解方式注入javabean，配置包名 -->
	<context:component-scan base-package="fnst.web"/>   
	   <!-- jedis配置 -->
		<bean id="jedisConfig" class="redis.clients.jedis.JedisPoolConfig">
			<!-- 可用连接实例的最大数目，默认值为8；-->
			<!-- 如果赋值为-1，表示不限制；如果pool已经分配了maxActive个实例，此时pool状态为exhausted(耗尽) -->
			<property name="maxTotal" value="${redis.maxActive}"/> 
			<!-- 控制一个pool最多有多少个状态为idle(空闲的)的jedis实例，默认值也是8 -->
			<property name="maxIdle" value="${redis.maxIdle}"/>
			<!-- 等待可用连接的最大时间，单位毫秒，默认值为-1，表示永不超时。 -->
			<!--如果超过等待时间，则直接抛出JedisConnectionException；-->
			<property name="maxWaitMillis" value="${redis.maxWait}"/>
			<property name="testOnBorrow" value="true"/> <!-- 如果为true，则得到的jedis实例均是可用的-->
		</bean>
		<!-- 连接池  参数依次为配置对象、ip、端口号、密码-->
		<bean id="jedisPool" class="redis.clients.jedis.JedisPool">
			<constructor-arg index="0" ref="jedisConfig"/>
			<constructor-arg index="1" value="${redis.ip}"/>
			
		</bean>
		<!-- 自定义客户端 -->
		<bean id="jedisClient" class="fnst.web.utils.JedisClient">
			<property name="jedisPool" ref="jedisPool" />
		</bean> 
</beans>
