<?xml version="1.0" encoding="UTF-8" ?>
<!DOCTYPE mapper PUBLIC "-//mybatis.org//DTD Mapper 3.0//EN" "http://mybatis.org/dtd/mybatis-3-mapper.dtd" >
<mapper namespace="com.springstudy.dao.HumanMapper" >
<!--   <typeAlias alias="Human" type="com.springstudy.entity.Human"/> -->
  <resultMap id="BaseResultMap" type="com.springstudy.entity.Human" >
    <id column="id" property="id" jdbcType="INTEGER" />
    <result column="name" property="name" jdbcType="VARCHAR" />
    <result column="sex" property="sex" jdbcType="BIT" />
  </resultMap>
  <sql id="Base_Column_List" >
    id, name, sex
  </sql>
  <select id="selectByPrimaryKey" resultMap="BaseResultMap" parameterType="java.lang.Integer" >
    select 
    <include refid="Base_Column_List" />
    from human
    where id = #{id,jdbcType=INTEGER}
  </select>
  <delete id="deleteByPrimaryKey" parameterType="java.lang.Integer" >
    delete from human
    where id = #{id,jdbcType=INTEGER}
  </delete>
  <insert id="insert" parameterType="com.springstudy.entity.Human" >
    insert into human (id, name, sex)
    values (#{id,jdbcType=INTEGER}, #{name,jdbcType=VARCHAR}, #{sex,jdbcType=BIT})
  </insert>
  <insert id="insertSelective" parameterType="com.springstudy.entity.Human" >
    insert into human
    <trim prefix="(" suffix=")" suffixOverrides="," >
      <if test="id != null" >
        id,
      </if>
      <if test="name != null" >
        name,
      </if>
      <if test="sex != null" >
        sex,
      </if>
    </trim>
    <trim prefix="values (" suffix=")" suffixOverrides="," >
      <if test="id != null" >
        #{id,jdbcType=INTEGER},
      </if>
      <if test="name != null" >
        #{name,jdbcType=VARCHAR},
      </if>
      <if test="sex != null" >
        #{sex,jdbcType=BIT},
      </if>
    </trim>
  </insert>
  <update id="updateByPrimaryKeySelective" parameterType="com.springstudy.entity.Human" >
    update human
    <set >
      <if test="name != null" >
        name = #{name,jdbcType=VARCHAR},
      </if>
      <if test="sex != null" >
        sex = #{sex,jdbcType=BIT},
      </if>
    </set>
    where id = #{id,jdbcType=INTEGER}
  </update>
  <update id="updateByPrimaryKey" parameterType="com.springstudy.entity.Human" >
    update human
    set name = #{name,jdbcType=VARCHAR},
      sex = #{sex,jdbcType=BIT}
    where id = #{id,jdbcType=INTEGER}
  </update>
</mapper>